cycle,filename,relative_path,url,bytes,sha256,documentation_url
2003-2004,DEMO_C.XPT,2003-2004/DEMO_C.XPT,https://wwwn.cdc.gov/Nchs/Data/Nhanes/Public/2003/DataFiles/DEMO_C.XPT,3569840,2a2fdb88263337bfa06f0516bfb419631595f0a0ee88fb96069bed13d1857c6f,https://wwwn.cdc.gov/Nchs/Data/Nhanes/Public/2003/DataFiles/DEMO_C.htm
2003-2004,PAQ_C.XPT,2003-2004/PAQ_C.XPT,https://wwwn.cdc.gov/Nchs/Data/Nhanes/Public/2003/DataFiles/PAQ_C.XPT,1488000,085928dcff32acc98efc8d1d30eeceb022b56d6ab565e0572251a325a576c765,https://wwwn.cdc.gov/Nchs/Data/Nhanes/Public/2003/DataFiles/PAQ_C.htm
2003-2004,BMX_C.XPT,2003-2004/BMX_C.XPT,https://wwwn.cdc.gov/Nchs/Data/Nhanes/Public/2003/DataFiles/BMX_C.XPT,2551120,b3d3e431b5964ea8b5807035044322fcf32f3878d814d4a844204e51c793f090,https://wwwn.cdc.gov/Nchs/Data/Nhanes/Public/2003/DataFiles/BMX_C.htm
2003-2004,SMQ_C.XPT,2003-2004/SMQ_C.XPT,https://wwwn.cdc.gov/Nchs/Data/Nhanes/Public/2003/DataFiles/SMQ_C.XPT,1932320,fbfe1e4b286ab43fdc3fd84c3830bb241b8b5ca84b3ab5902b8808e4136efc2c,https://wwwn.cdc.gov/Nchs/Data/Nhanes/Public/2003/DataFiles/SMQ_C.htm
2003-2004,MCQ_C.XPT,2003-2004/MCQ_C.XPT,https://wwwn.cdc.gov/Nchs/Data/Nhanes/Public/2003/DataFiles/MCQ_C.XPT,11904960,42487737067c5dbdf533bb91b5f752d1fff1dfa9eed91c7ae54ab5e49b65b019,https://wwwn.cdc.gov/Nchs/Data/Nhanes/Public/2003/DataFiles/MCQ_C.htm
2003-2004,DIQ_C.XPT,2003-2004/DIQ_C.XPT,https://wwwn.cdc.gov/Nchs/Data/Nhanes/Public/2003/DataFiles/DIQ_C.XPT,1314880,e64a1db590d733c812359abb0da6fdc3f20860ec3f89aec24442df994e90befe,https://wwwn.cdc.gov/Nchs/Data/Nhanes/Public/2003/DataFiles/DIQ_C.htm
2003-2004,PAQIAF_C.XPT,2003-2004/PAQIAF_C.XPT,https://wwwn.cdc.gov/Nchs/Data/Nhanes/Public/2003/DataFiles/PAQIAF_C.XPT,722320,51e7648d91f3c3be158aa43d2d6732d93f9c8aa0f6fddef7d31eb24402c71904,https://wwwn.cdc.gov/Nchs/Data/Nhanes/Public/2003/DataFiles/PAQIAF_C.htm
2003-2004,PAXRAW_C.zip,2003-2004/PAXRAW_C.zip,https://wwwn.cdc.gov/Nchs/Data/Nhanes/Public/2003/DataFiles/PAXRAW_C.zip,427543657,51cddc4254fd970599ed12b019876b1106a9d981eb631c2b4cdc0e0509f4cdb7,https://wwwn.cdc.gov/Nchs/Data/Nhanes/Public/2003/DataFiles/PAXRAW_C.htm
2003-2004,NHANES_2003_2004_MORT_2019_PUBLIC.dat,2003-2004/NHANES_2003_2004_MORT_2019_PUBLIC.dat,https://ftp.cdc.gov/pub/health_statistics/NCHS/datalinkage/linked_mortality/NHANES_2003_2004_MORT_2019_PUBLIC.dat,495722,639f6b3292a55b112fbfc842954af3d8d32bcce287cd8ae49319e5aca1c033c0,https://www.cdc.gov/nchs/data-linkage/mortality-public.htm
2005-2006,DEMO_D.XPT,2005-2006/DEMO_D.XPT,https://wwwn.cdc.gov/Nchs/Data/Nhanes/Public/2005/DataFiles/DEMO_D.XPT,3566560,bf9cc79cce501b2fbe5aa8d5b403b618548d02d4aefeb528335cdd9f4c40a3af,https://wwwn.cdc.gov/Nchs/Data/Nhanes/Public/2005/DataFiles/DEMO_D.htm
2005-2006,PAQ_D.XPT,2005-2006/PAQ_D.XPT,https://wwwn.cdc.gov/Nchs/Data/Nhanes/Public/2005/DataFiles/PAQ_D.XPT,1511360,a2c21b90a964aaa08a854d66526b29a1a7ad009d8a26c3cc9a8c18bf70f0c0aa,https://wwwn.cdc.gov/Nchs/Data/Nhanes/Public/2005/DataFiles/PAQ_D.htm
2005-2006,BMX_D.XPT,2005-2006/BMX_D.XPT,https://wwwn.cdc.gov/Nchs/Data/Nhanes/Public/2005/DataFiles/BMX_D.XPT,2153760,a52909be94cf825ba8a65477a9528603576fd5fbf3abadd72549a3f15c88566e,https://wwwn.cdc.gov/Nchs/Data/Nhanes/Public/2005/DataFiles/BMX_D.htm
2005-2006,SMQ_D.XPT,2005-2006/SMQ_D.XPT,https://wwwn.cdc.gov/Nchs/Data/Nhanes/Public/2005/DataFiles/SMQ_D.XPT,2578880,ef82433aca1a36ba2310a624ccdbaf195e2a258a88af0f284ef2a58d36be3011,https://wwwn.cdc.gov/Nchs/Data/Nhanes/Public/2005/DataFiles/SMQ_D.htm
2005-2006,MCQ_D.XPT,2005-2006/MCQ_D.XPT,https://wwwn.cdc.gov/Nchs/Data/Nhanes/Public/2005/DataFiles/MCQ_D.XPT,7006480,12bf5f557c97284e096a8cd8aefbc8e3ab9f12a410c2f50474c4dfddd2ebf6f4,https://wwwn.cdc.gov/Nchs/Data/Nhanes/Public/2005/DataFiles/MCQ_D.htm
2005-2006,DIQ_D.XPT,2005-2006/DIQ_D.XPT,https://wwwn.cdc.gov/Nchs/Data/Nhanes/Public/2005/DataFiles/DIQ_D.XPT,2834560,ac81ed56d09aadbe12df39c6991d9f4d9cfa04211aee4d103d38c981390b826e,https://wwwn.cdc.gov/Nchs/Data/Nhanes/Public/2005/DataFiles/DIQ_D.htm
2005-2006,PAQIAF_D.XPT,2005-2006/PAQIAF_D.XPT,https://wwwn.cdc.gov/Nchs/Data/Nhanes/Public/2005/DataFiles/PAQIAF_D.XPT,797680,486c8e7a73367be5a5efdab125ad659d4f5775a5f7143ec91882db0c819fcc96,https://wwwn.cdc.gov/Nchs/Data/Nhanes/Public/2005/DataFiles/PAQIAF_D.htm
2005-2006,PAXRAW_D.zip,2005-2006/PAXRAW_D.zip,https://wwwn.cdc.gov/Nchs/Data/Nhanes/Public/2005/DataFiles/PAXRAW_D.zip,470990068,becdf05e0d0ee2c4615f8e544c0e2c76fd2e8a498591eaf82777e171eb748bd9,https://wwwn.cdc.gov/Nchs/Data/Nhanes/Public/2005/DataFiles/PAXRAW_D.htm
2005-2006,NHANES_2005_2006_MORT_2019_PUBLIC.dat,2005-2006/NHANES_2005_2006_MORT_2019_PUBLIC.dat,https://ftp.cdc.gov/pub/health_statistics/NCHS/datalinkage/linked_mortality/NHANES_2005_2006_MORT_2019_PUBLIC.dat,506774,69388ea13a4f395f29d9d21bc51941b9759003490d4b00f6ff12a1bc5f8dba5c,https://www.cdc.gov/nchs/data-linkage/mortality-public.htm
2011-2012,DEMO_G.XPT,2011-2012/DEMO_G.XPT,https://wwwn.cdc.gov/Nchs/Data/Nhanes/Public/2011/DataFiles/DEMO_G.XPT,3753760,eaf0525d1952626885af3e935415a1f66ad62c18698080e7354789c125af252d,https://wwwn.cdc.gov/Nchs/Data/Nhanes/Public/2011/DataFiles/DEMO_G.htm
2011-2012,PAQ_G.XPT,2011-2012/PAQ_G.XPT,https://wwwn.cdc.gov/Nchs/Data/Nhanes/Public/2011/DataFiles/PAQ_G.XPT,1533680,6b56874f6c3af191aebcb10316c028bc1ae1d4f89d0aafc00cc080c9f533b32a,https://wwwn.cdc.gov/Nchs/Data/Nhanes/Public/2011/DataFiles/PAQ_G.htm
2011-2012,BMX_G.XPT,2011-2012/BMX_G.XPT,https://wwwn.cdc.gov/Nchs/Data/Nhanes/Public/2011/DataFiles/BMX_G.XPT,1946720,4814bfc3047ed400b9d43d285f8c3ea7c940ac6489404a9b699579715d158ec3,https://wwwn.cdc.gov/Nchs/Data/Nhanes/Public/2011/DataFiles/BMX_G.htm
2011-2012,SMQ_G.XPT,2011-2012/SMQ_G.XPT,https://wwwn.cdc.gov/Nchs/Data/Nhanes/Public/2011/DataFiles/SMQ_G.XPT,1946960,69f2375f036a815082b1e97110e79c505b91e0985c61696f8eaacf94828115dc,https://wwwn.cdc.gov/Nchs/Data/Nhanes/Public/2011/DataFiles/SMQ_G.htm
2011-2012,MCQ_G.XPT,2011-2012/MCQ_G.XPT,https://wwwn.cdc.gov/Nchs/Data/Nhanes/Public/2011/DataFiles/MCQ_G.XPT,6905520,7538eb86c72b81fd5e76b56120fcb068ed38149d44650e9e750670ad58658d52,https://wwwn.cdc.gov/Nchs/Data/Nhanes/Public/2011/DataFiles/MCQ_G.htm
2011-2012,DIQ_G.XPT,2011-2012/DIQ_G.XPT,https://wwwn.cdc.gov/Nchs/Data/Nhanes/Public/2011/DataFiles/DIQ_G.XPT,3978560,a9d5475e0cd66d6a7bc30230345ed0172a9abcbc0a7a4145a35025c827a52a87,https://wwwn.cdc.gov/Nchs/Data/Nhanes/Public/2011/DataFiles/DIQ_G.htm
2011-2012,PAXDAY_G.XPT,2011-2012/PAXDAY_G.XPT,https://wwwn.cdc.gov/Nchs/Data/Nhanes/Public/2011/DataFiles/PAXDAY_G.XPT,6486720,2c2ffafe0896de13658233576661eaf6addc81109aee2b28b2018b940e752079,https://wwwn.cdc.gov/Nchs/Data/Nhanes/Public/2011/DataFiles/PAXDAY_G.htm
2011-2012,NHANES_2011_2012_MORT_2019_PUBLIC.dat,2011-2012/NHANES_2011_2012_MORT_2019_PUBLIC.dat,https://ftp.cdc.gov/pub/health_statistics/NCHS/datalinkage/linked_mortality/NHANES_2011_2012_MORT_2019_PUBLIC.dat,475574,ff98b6c87172643426b1c6d20f76495592bebd618ea18f742d98a44b84456b30,https://www.cdc.gov/nchs/data-linkage/mortality-public.htm
2013-2014,DEMO_H.XPT,2013-2014/DEMO_H.XPT,https://wwwn.cdc.gov/Nchs/Data/Nhanes/Public/2013/DataFiles/DEMO_H.XPT,3833200,f8f0cbb3085a323d4cde22349b164878fea1e64dbc404e65b5815c7816b547d7,https://wwwn.cdc.gov/Nchs/Data/Nhanes/Public/2013/DataFiles/DEMO_H.htm
2013-2014,PAQ_H.XPT,2013-2014/PAQ_H.XPT,https://wwwn.cdc.gov/Nchs/Data/Nhanes/Public/2013/DataFiles/PAQ_H.XPT,7297920,fa35acbb489594e8e55350f7402a12b5a607805c28ec16246929d33237bd3269,https://wwwn.cdc.gov/Nchs/Data/Nhanes/Public/2013/DataFiles/PAQ_H.htm
2013-2014,BMX_H.XPT,2013-2014/BMX_H.XPT,https://wwwn.cdc.gov/Nchs/Data/Nhanes/Public/2013/DataFiles/BMX_H.XPT,2045520,fd5e9fc6e6aab0a4aee6e699f51497bbc9b62101f7f43aee924c473e38fd9442,https://wwwn.cdc.gov/Nchs/Data/Nhanes/Public/2013/DataFiles/BMX_H.htm
2013-2014,SMQ_H.XPT,2013-2014/SMQ_H.XPT,https://wwwn.cdc.gov/Nchs/Data/Nhanes/Public/2013/DataFiles/SMQ_H.XPT,2170000,86d74bb8842ce6d60350944417cbd3e9ee39dd5a9fa1bda33426f276b673861f,https://wwwn.cdc.gov/Nchs/Data/Nhanes/Public/2013/DataFiles/SMQ_H.htm
2013-2014,MCQ_H.XPT,2013-2014/MCQ_H.XPT,https://wwwn.cdc.gov/Nchs/Data/Nhanes/Public/2013/DataFiles/MCQ_H.XPT,7439280,5c83210e6e1fe929282621322ed0f94d95cdb0a37ccaff36f703ab0b2e7b9dc6,https://wwwn.cdc.gov/Nchs/Data/Nhanes/Public/2013/DataFiles/MCQ_H.htm
2013-2014,DIQ_H.XPT,2013-2014/DIQ_H.XPT,https://wwwn.cdc.gov/Nchs/Data/Nhanes/Public/2013/DataFiles/DIQ_H.XPT,4228960,c74c7ccef65e6997dfac1db1e73bc3f63dec67c70b2e322ffc14f14ce27429a9,https://wwwn.cdc.gov/Nchs/Data/Nhanes/Public/2013/DataFiles/DIQ_H.htm
2013-2014,PAXDAY_H.XPT,2013-2014/PAXDAY_H.XPT,https://wwwn.cdc.gov/Nchs/Data/Nhanes/Public/2013/DataFiles/PAXDAY_H.XPT,7318800,a2938ac350d077091207de706c848461e282984747c83c1f07070f9a04a849f6,https://wwwn.cdc.gov/Nchs/Data/Nhanes/Public/2013/DataFiles/PAXDAY_H.htm
2013-2014,NHANES_2013_2014_MORT_2019_PUBLIC.dat,2013-2014/NHANES_2013_2014_MORT_2019_PUBLIC.dat,https://ftp.cdc.gov/pub/health_statistics/NCHS/datalinkage/linked_mortality/NHANES_2013_2014_MORT_2019_PUBLIC.dat,494268,588acea1d4cdf47a14cc9a35bd56e372739b8788d63ca0af98bf954c70c29905,https://www.cdc.gov/nchs/data-linkage/mortality-public.htm
